"id","fighter","kind","situation","line","Orb's edit","note","keep / cut / rewrite"
"mv.protagonist.martial.x.01","Protagonist","move name","A light: an elbow, swinging in, to the jaw (a flurry blow) [a pose exists]","Short Elbow","","",""
"mv.protagonist.martial.x.02","Protagonist","move name","A light: a knee, straight in, to the gut (a flurry blow) [a pose exists]","Driving Knee","","",""
"mv.protagonist.martial.x.04","Protagonist","move name","A light: a shoulder, straight in, to the ribs (a flurry blow) [a pose exists]","Shoulder Check","","",""
"mv.protagonist.martial.x.05","Protagonist","move name","A light: a knee, swinging in, to the leg (a flurry blow) [needs a new pose]","Looping Knee","","",""
"mv.protagonist.martial.x.07","Protagonist","move name","A light: the instep, swinging in, to the shin (a skill strike) [a pose exists]","Round Kick","","",""
"mv.protagonist.martial.x.08","Protagonist","move name","A light: the instep, swinging in, to the leg (a skill strike) [a pose exists]","Leg Round Kick","","",""
"mv.protagonist.martial.x.10","Protagonist","move name","A light: the heel, swinging out, to the gut (a skill strike) [bent from a pose]","Gut Hook Kick","","",""
"mv.protagonist.martial.x.11","Protagonist","move name","A light: the heel of the hand, swinging out, to the head (a skill strike) [a pose exists]","Head Backhand","","",""
"mv.protagonist.martial.x.13","Protagonist","move name","A light: a blade hand, straight in, to the head (a flurry blow) [a pose exists]","Head Dart","","",""
"mv.protagonist.martial.x.14","Protagonist","move name","A light: an open palm, straight in, to the ribs (a flurry blow) [a pose exists]","Rib Push","","",""
"mv.protagonist.martial.x.16","Protagonist","move name","A light: a blade hand, dropping, to the arm (a skill strike) [a pose exists]","Arm Chop","","",""
"mv.protagonist.martial.x.17","Protagonist","move name","A light: the heel of the hand, dropping, to the head (a skill strike) [a pose exists]","Head Mallet","","",""
"mv.protagonist.martial.x.19","Protagonist","move name","A light: an open palm, rising, to the jaw (a flurry blow) [needs a new pose]","Jaw Scoop","","",""
"mv.protagonist.martial.x.20","Protagonist","move name","A light: the instep, swinging in, to the ribs (a skill strike) [a pose exists]","Rib Round Kick","","",""
"mv.protagonist.martial.x.22","Protagonist","move name","A light: a blade hand, dropping, to the ribs (a skill strike) [bent from a pose]","Rib Chop","","",""
"mv.protagonist.martial.x.23","Protagonist","move name","A light: the heel of the hand, swinging out, to the jaw (a skill strike) [bent from a pose]","Jaw Backhand","","",""
"mv.protagonist.martial.x.25","Protagonist","move name","A light: an open palm, straight in, to the arm (a flurry blow) [bent from a pose]","Arm Push","","",""
"mv.protagonist.martial.x.26","Protagonist","move name","A light: a blade hand, swinging in, to the jaw (a flurry blow) [bent from a pose]","Jaw Sweep","","",""
"mv.protagonist.martial.x.28","Protagonist","move name","A light: a closed fist, dropping, to the arm (a skill strike) [needs a new pose]","Arm Hammer","","",""
"mv.protagonist.martial.x.29","Protagonist","move name","A light: an open palm, rising, to the ribs (a flurry blow) [needs a new pose]","Rib Scoop","","",""
"mv.protagonist.martial.y.01","Protagonist","move name","A heavy: an open palm, rising, to the jaw (lifts) [a pose exists]","Jaw Hoist","","",""
"mv.protagonist.martial.y.02","Protagonist","move name","A heavy: a knee, rising, to the gut (lifts) [a pose exists]","Rising Knee","","",""
"mv.protagonist.martial.y.04","Protagonist","move name","A heavy: a blade hand, dropping, to the head (breaks guard) [a pose exists]","Head Cleaver","","",""
"mv.protagonist.martial.y.05","Protagonist","move name","A heavy: the heel, dropping, to the ribs (breaks guard) [a pose exists]","Axe Kick","","",""
"mv.protagonist.martial.y.07","Protagonist","move name","A heavy: an open palm, straight in, to the ribs [a pose exists]","Rib Shove","","",""
"mv.protagonist.martial.y.09","Protagonist","move name","A heavy: the sole, straight in, to the ribs [a pose exists]","Chest Shove","","",""
"mv.protagonist.martial.y.10","Protagonist","move name","A heavy: a blade hand, swinging in, to the head [a pose exists]","Head Cleave","","",""
"mv.protagonist.martial.y.12","Protagonist","move name","A heavy: a blade hand, swinging in, to the gut (lifts) [a pose exists]","Gut Cleave","","",""
"mv.protagonist.martial.y.13","Protagonist","move name","A heavy: an elbow, swinging in, to the ribs (breaks guard) [a pose exists]","Rib Short Elbow","","",""
"mv.protagonist.martial.y.15","Protagonist","move name","A heavy: the edge of the foot, swinging out, to the gut (lifts) [bent from a pose]","Belly Crescent","","",""
"mv.rival.martial.x.01","Rival (Anti-hero)","move name","A light: a knee, straight in, to the gut (a flurry blow) [a pose exists]","Knee Drive","","",""
"mv.rival.martial.x.02","Rival (Anti-hero)","move name","A light: an elbow, rising, to the jaw (a flurry blow) [a pose exists]","Elbow Lift","","",""
"mv.rival.martial.x.04","Rival (Anti-hero)","move name","A light: an elbow, swinging in, to the jaw (a flurry blow) [a pose exists]","Elbow Hook","","",""
"mv.rival.martial.x.05","Rival (Anti-hero)","move name","A light: an elbow, dropping, to the ribs (a skill strike) [needs a new pose]","Elbow Fall","","",""
"mv.rival.martial.x.07","Rival (Anti-hero)","move name","A light: the instep, swinging in, to the shin (a skill strike) [a pose exists]","Snap Kick","","",""
"mv.rival.martial.x.08","Rival (Anti-hero)","move name","A light: the edge of the foot, straight in, to the ribs (a skill strike) [a pose exists]","Edge Thrust","","",""
"mv.rival.martial.x.10","Rival (Anti-hero)","move name","A light: the instep, swinging in, to the ribs (a skill strike) [a pose exists]","Rib Snap Kick","","",""
"mv.rival.martial.x.11","Rival (Anti-hero)","move name","A light: a blade hand, straight in, to the head (a flurry blow) [a pose exists]","Head Spear","","",""
"mv.rival.martial.x.13","Rival (Anti-hero)","move name","A light: a blade hand, straight in, to the gut (a flurry blow) [a pose exists]","Gut Spear","","",""
"mv.rival.martial.x.14","Rival (Anti-hero)","move name","A light: a forearm plate, swinging in, to the head (a flurry blow) [a pose exists]","Plate Swing","","",""
"mv.rival.martial.x.16","Rival (Anti-hero)","move name","A light: a forearm plate, dropping, to the arm (a skill strike) [needs a new pose]","Arm Slab","","",""
"mv.rival.martial.x.17","Rival (Anti-hero)","move name","A light: a closed fist, dropping, to the head (a skill strike) [needs a new pose]","Head Maul","","",""
"mv.rival.martial.x.19","Rival (Anti-hero)","move name","A light: a blade hand, straight in, to the ribs (a flurry blow) [a pose exists]","Rib Spear","","",""
"mv.rival.martial.x.20","Rival (Anti-hero)","move name","A light: the heel of the hand, swinging out, to the jaw (a skill strike) [bent from a pose]","Jaw Flick","","",""
"mv.rival.martial.x.22","Rival (Anti-hero)","move name","A light: a blade hand, dropping, to the arm (a skill strike) [needs a new pose]","Arm Axe","","",""
"mv.rival.martial.x.23","Rival (Anti-hero)","move name","A light: a forearm plate, swinging in, to the jaw (a flurry blow) [bent from a pose]","Jaw Plate Swing","","",""
"mv.rival.martial.x.25","Rival (Anti-hero)","move name","A light: a closed fist, swinging out, to the arm (a skill strike) [needs a new pose]","Arm Swat","","",""
"mv.rival.martial.x.26","Rival (Anti-hero)","move name","A light: a forearm plate, dropping, to the ribs (a skill strike) [needs a new pose]","Rib Slab","","",""
"mv.rival.martial.x.28","Rival (Anti-hero)","move name","A light: a closed fist, rising, to the gut (a flurry blow) [needs a new pose]","Gut Riser","","",""
"mv.rival.martial.x.29","Rival (Anti-hero)","move name","A light: a forearm plate, dropping, to the head (a skill strike) [needs a new pose]","Head Slab","","",""
"mv.rival.martial.y.01","Rival (Anti-hero)","move name","A heavy: a closed fist, rising, to the jaw (lifts) [a pose exists]","Jaw Heave","","",""
"mv.rival.martial.y.02","Rival (Anti-hero)","move name","A heavy: a knee, rising, to the gut (lifts) [a pose exists]","Gut Knee Lift","","",""
"mv.rival.martial.y.04","Rival (Anti-hero)","move name","A heavy: a forearm plate, dropping, to the head (breaks guard) [a pose exists]","Crown Slab","","",""
"mv.rival.martial.y.05","Rival (Anti-hero)","move name","A heavy: an elbow, dropping, to the ribs (breaks guard) [a pose exists]","Rib Elbow Fall","","",""
"mv.rival.martial.y.07","Rival (Anti-hero)","move name","A heavy: a closed fist, straight in, to the ribs [bent from a pose]","Rib Pile","","",""
"mv.rival.martial.y.09","Rival (Anti-hero)","move name","A heavy: the brow, straight in, to the jaw (lifts) [a pose exists]","Brow Ram","","",""
"mv.rival.martial.y.10","Rival (Anti-hero)","move name","A heavy: a closed fist, swinging in, to the head [bent from a pose]","Head Wallop","","",""
"mv.rival.martial.y.12","Rival (Anti-hero)","move name","A heavy: an elbow, swinging in, to the ribs (breaks guard) [a pose exists]","Rib Elbow Hook","","",""
"mv.rival.martial.y.13","Rival (Anti-hero)","move name","A heavy: the sole, straight in, to the ribs [a pose exists]","Rib Boot","","",""
"mv.rival.martial.y.15","Rival (Anti-hero)","move name","A heavy: the heel of the hand, swinging out, to the arm [needs a new pose]","Arm Backswing","","",""
